time,particle_id,x,y,z,vx,vy,vz,EK
0,1,1,0.001,0,0.001,1,0,0.5
0.001,1,1,0.002,0,0.002,0.999999,0,0.500001
0.002,1,1,0.003,0,0.003,0.999997,0,0.500002
0.003,1,1.00001,0.004,0,0.004,0.999994,0,0.500002
0.004,1,1.00001,0.00499999,0,0.00499999,0.99999,0,0.500003
0.005,1,1.00001,0.00599998,0,0.00599998,0.999985,0,0.500003
0.006,1,1.00002,0.00699997,0,0.00699997,0.999979,0,0.500004
0.007,1,1.00003,0.00799994,0,0.00799994,0.999972,0,0.500004
0.008,1,1.00004,0.00899992,0,0.00899992,0.999964,0,0.500005
0.009,1,1.00004,0.00999988,0,0.00999988,0.999955,0,0.500005
0.01,1,1.00005,0.0109998,0,0.0109998,0.999945,0,0.500006
0.011,1,1.00007,0.0119998,0,0.0119998,0.999934,0,0.500006
0.012,1,1.00008,0.0129997,0,0.0129997,0.999922,0,0.500007
0.013,1,1.00009,0.0139996,0,0.0139996,0.999909,0,0.500007
0.014,1,1.0001,0.0149995,0,0.0149995,0.999895,0,0.500008
0.015,1,1.00012,0.0159994,0,0.0159994,0.99988,0,0.500008
0.016,1,1.00014,0.0169993,0,0.0169993,0.999864,0,0.500009
0.017,1,1.00015,0.0179992,0,0.0179992,0.999847,0,0.500009
0.018,1,1.00017,0.018999,0,0.018999,0.999829,0,0.50001
0.019,1,1.00019,0.0199989,0,0.0199989,0.99981,0,0.50001
0.02,1,1.00021,0.0209987,0,0.0209987,0.99979,0,0.500011
0.021,1,1.00023,0.0219985,0,0.0219985,0.999769,0,0.500011
0.022,1,1.00025,0.0229982,0,0.0229982,0.999747,0,0.500012
0.023,1,1.00028,0.023998,0,0.023998,0.999724,0,0.500012
0.024,1,1.0003,0.0249977,0,0.0249977,0.9997,0,0.500013
0.025,1,1.00032,0.0259974,0,0.0259974,0.999675,0,0.500013
0.026,1,1.00035,0.0269971,0,0.0269971,0.999649,0,0.500014
0.027,1,1.00038,0.0279967,0,0.0279967,0.999622,0,0.500014
0.028,1,1.00041,0.0289963,0,0.0289963,0.999594,0,0.500015
0.029,1,1.00043,0.0299959,0,0.0299959,0.999565,0,0.500015
0.03,1,1.00046,0.0309955,0,0.0309955,0.999535,0,0.500016
0.031,1,1.0005,0.031995,0,0.031995,0.999504,0,0.500016
0.032,1,1.00053,0.0329945,0,0.0329945,0.999472,0,0.500017
0.033,1,1.00056,0.033994,0,0.033994,0.999439,0,0.500017
0.034,1,1.00059,0.0349935,0,0.0349935,0.999405,0,0.500018
0.035,1,1.00063,0.0359929,0,0.0359929,0.99937,0,0.500018
0.036,1,1.00067,0.0369922,0,0.0369922,0.999334,0,0.500019
0.037,1,1.0007,0.0379916,0,0.0379916,0.999297,0,0.500019
0.038,1,1.00074,0.0389909,0,0.0389909,0.999259,0,0.50002
0.039,1,1.00078,0.0399901,0,0.0399901,0.99922,0,0.50002
0.04,1,1.00082,0.0409893,0,0.0409893,0.99918,0,0.500021
0.041,1,1.00086,0.0419885,0,0.0419885,0.999139,0,0.500021
0.042,1,1.0009,0.0429877,0,0.0429877,0.999097,0,0.500022
0.043,1,1.00095,0.0439868,0,0.0439868,0.999054,0,0.500022
0.044,1,1.00099,0.0449858,0,0.0449858,0.99901,0,0.500023
0.045,1,1.00103,0.0459848,0,0.0459848,0.998965,0,0.500023
0.046,1,1.00108,0.0469838,0,0.0469838,0.998919,0,0.500024
0.047,1,1.00113,0.0479827,0,0.0479827,0.998872,0,0.500024
0.048,1,1.00118,0.0489816,0,0.0489816,0.998824,0,0.500025
0.049,1,1.00122,0.0499804,0,0.0499804,0.998775,0,0.500025
0.05,1,1.00127,0.0509792,0,0.0509792,0.998725,0,0.500026
0.051,1,1.00133,0.0519779,0,0.0519779,0.998674,0,0.500026
0.052,1,1.00138,0.0529766,0,0.0529766,0.998622,0,0.500027
0.053,1,1.00143,0.0539752,0,0.0539752,0.998569,0,0.500027
0.054,1,1.00148,0.0549738,0,0.0549738,0.998515,0,0.500028
0.055,1,1.00154,0.0559723,0,0.0559723,0.99846,0,0.500028
0.056,1,1.0016,0.0569707,0,0.0569707,0.998404,0,0.500029
0.057,1,1.00165,0.0579691,0,0.0579691,0.998347,0,0.500029
0.058,1,1.00171,0.0589675,0,0.0589675,0.998289,0,0.50003
0.059,1,1.00177,0.0599658,0,0.0599658,0.99823,0,0.50003
0.06,1,1.00183,0.060964,0,0.060964,0.998171,0,0.500031
0.061,1,1.00189,0.0619622,0,0.0619622,0.99811,0,0.500031
0.062,1,1.00195,0.0629603,0,0.0629603,0.998048,0,0.500032
0.063,1,1.00202,0.0639583,0,0.0639583,0.997985,0,0.500032
0.064,1,1.00208,0.0649563,0,0.0649563,0.997921,0,0.500033
0.065,1,1.00214,0.0659542,0,0.0659542,0.997856,0,0.500033
0.066,1,1.00221,0.0669521,0,0.0669521,0.99779,0,0.500034
0.067,1,1.00228,0.0679499,0,0.0679499,0.997723,0,0.500034
0.068,1,1.00235,0.0689476,0,0.0689476,0.997655,0,0.500035
0.069,1,1.00241,0.0699453,0,0.0699453,0.997586,0,0.500035
0.07,1,1.00248,0.0709429,0,0.0709429,0.997516,0,0.500036
0.071,1,1.00255,0.0719404,0,0.0719404,0.997445,0,0.500036
0.072,1,1.00263,0.0729378,0,0.0729378,0.997373,0,0.500037
0.073,1,1.0027,0.0739352,0,0.0739352,0.9973,0,0.500037
0.074,1,1.00277,0.0749325,0,0.0749325,0.997226,0,0.500038
0.075,1,1.00285,0.0759297,0,0.0759297,0.997151,0,0.500038
0.076,1,1.00292,0.0769269,0,0.0769269,0.997075,0,0.500039
0.077,1,1.003,0.0779239,0,0.0779239,0.996998,0,0.500039
0.078,1,1.00308,0.0789209,0,0.0789209,0.996921,0,0.50004
0.079,1,1.00316,0.0799179,0,0.0799179,0.996842,0,0.50004
0.08,1,1.00324,0.0809147,0,0.0809147,0.996762,0,0.500041
0.081,1,1.00332,0.0819115,0,0.0819115,0.996681,0,0.500041
0.082,1,1.0034,0.0829081,0,0.0829081,0.996599,0,0.500042
0.083,1,1.00348,0.0839047,0,0.0839047,0.996516,0,0.500042
0.084,1,1.00357,0.0849013,0,0.0849013,0.996432,0,0.500043
0.085,1,1.00365,0.0858977,0,0.0858977,0.996347,0,0.500043
0.086,1,1.00374,0.086894,0,0.086894,0.996261,0,0.500044
0.087,1,1.00383,0.0878903,0,0.0878903,0.996174,0,0.500044
0.088,1,1.00391,0.0888865,0,0.0888865,0.996086,0,0.500045
0.089,1,1.004,0.0898826,0,0.0898826,0.995998,0,0.500045
0.09,1,1.00409,0.0908786,0,0.0908786,0.995908,0,0.500046
0.091,1,1.00418,0.0918745,0,0.0918745,0.995817,0,0.500046
0.092,1,1.00428,0.0928703,0,0.0928703,0.995725,0,0.500047
0.093,1,1.00437,0.093866,0,0.093866,0.995632,0,0.500047
0.094,1,1.00446,0.0948616,0,0.0948616,0.995538,0,0.500048
0.095,1,1.00456,0.0958572,0,0.0958572,0.995443,0,0.500048
0.096,1,1.00465,0.0968526,0,0.0968526,0.995347,0,0.500049
0.097,1,1.00475,0.097848,0,0.097848,0.995251,0,0.500049
0.098,1,1.00485,0.0988432,0,0.0988432,0.995153,0,0.50005
0.099,1,1.00495,0.0998384,0,0.0998384,0.995054,0,0.50005
0.1,1,1.00505,0.100833,0,0.100833,0.994954,0,0.500051
0.101,1,1.00515,0.101828,0,0.101828,0.994853,0,0.500051
0.102,1,1.00525,0.102823,0,0.102823,0.994751,0,0.500052
0.103,1,1.00535,0.103818,0,0.103818,0.994649,0,0.500052
0.104,1,1.00546,0.104813,0,0.104813,0.994545,0,0.500053
0.105,1,1.00556,0.105807,0,0.105807,0.99444,0,0.500053
0.106,1,1.00567,0.106802,0,0.106802,0.994334,0,0.500054
0.107,1,1.00577,0.107796,0,0.107796,0.994227,0,0.500054
0.108,1,1.00588,0.10879,0,0.10879,0.99412,0,0.500055
0.109,1,1.00599,0.109784,0,0.109784,0.994011,0,0.500055
0.11,1,1.0061,0.110778,0,0.110778,0.993901,0,0.500056
0.111,1,1.00621,0.111772,0,0.111772,0.99379,0,0.500056
0.112,1,1.00632,0.112766,0,0.112766,0.993678,0,0.500057
0.113,1,1.00643,0.11376,0,0.11376,0.993566,0,0.500057
0.114,1,1.00655,0.114753,0,0.114753,0.993452,0,0.500058
0.115,1,1.00666,0.115747,0,0.115747,0.993337,0,0.500058
0.116,1,1.00678,0.11674,0,0.11674,0.993221,0,0.500059
0.117,1,1.0069,0.117733,0,0.117733,0.993105,0,0.500059
0.118,1,1.00701,0.118726,0,0.118726,0.992987,0,0.50006
0.119,1,1.00713,0.119719,0,0.119719,0.992868,0,0.50006
0.12,1,1.00725,0.120712,0,0.120712,0.992748,0,0.500061
0.121,1,1.00737,0.121705,0,0.121705,0.992628,0,0.500061
0.122,1,1.00749,0.122698,0,0.122698,0.992506,0,0.500062
0.123,1,1.00762,0.12369,0,0.12369,0.992383,0,0.500062
0.124,1,1.00774,0.124682,0,0.124682,0.99226,0,0.500063
0.125,1,1.00786,0.125675,0,0.125675,0.992135,0,0.500063
0.126,1,1.00799,0.126667,0,0.126667,0.992009,0,0.500064
0.127,1,1.00812,0.127659,0,0.127659,0.991883,0,0.500064
0.128,1,1.00824,0.128651,0,0.128651,0.991755,0,0.500065
0.129,1,1.00837,0.129643,0,0.129643,0.991626,0,0.500065
0.13,1,1.0085,0.130634,0,0.130634,0.991497,0,0.500066
0.131,1,1.00863,0.131626,0,0.131626,0.991366,0,0.500066
0.132,1,1.00877,0.132617,0,0.132617,0.991234,0,0.500067
0.133,1,1.0089,0.133608,0,0.133608,0.991102,0,0.500067
0.134,1,1.00903,0.134599,0,0.134599,0.990968,0,0.500068
0.135,1,1.00917,0.13559,0,0.13559,0.990834,0,0.500068
0.136,1,1.0093,0.136581,0,0.136581,0.990698,0,0.500069
0.137,1,1.00944,0.137572,0,0.137572,0.990561,0,0.500069
0.138,1,1.00958,0.138562,0,0.138562,0.990424,0,0.50007
0.139,1,1.00971,0.139553,0,0.139553,0.990285,0,0.50007
0.14,1,1.00985,0.140543,0,0.140543,0.990146,0,0.500071
0.141,1,1.00999,0.141533,0,0.141533,0.990005,0,0.500071
0.142,1,1.01014,0.142523,0,0.142523,0.989864,0,0.500072
0.143,1,1.01028,0.143513,0,0.143513,0.989721,0,0.500072
0.144,1,1.01042,0.144503,0,0.144503,0.989578,0,0.500073
0.145,1,1.01057,0.145492,0,0.145492,0.989433,0,0.500073
0.146,1,1.01071,0.146482,0,0.146482,0.989288,0,0.500074
0.147,1,1.01086,0.147471,0,0.147471,0.989141,0,0.500074
0.148,1,1.01101,0.14846,0,0.14846,0.988994,0,0.500075
0.149,1,1.01115,0.149449,0,0.149449,0.988845,0,0.500075
0.15,1,1.0113,0.150438,0,0.150438,0.988696,0,0.500076
0.151,1,1.01145,0.151427,0,0.151427,0.988545,0,0.500076
0.152,1,1.01161,0.152415,0,0.152415,0.988394,0,0.500077
0.153,1,1.01176,0.153404,0,0.153404,0.988242,0,0.500077
0.154,1,1.01191,0.154392,0,0.154392,0.988088,0,0.500078
0.155,1,1.01207,0.15538,0,0.15538,0.987934,0,0.500078
0.156,1,1.01222,0.156368,0,0.156368,0.987778,0,0.500079
0.157,1,1.01238,0.157356,0,0.157356,0.987622,0,0.500079
0.158,1,1.01254,0.158343,0,0.158343,0.987465,0,0.50008
0.159,1,1.01269,0.159331,0,0.159331,0.987306,0,0.50008
0.16,1,1.01285,0.160318,0,0.160318,0.987147,0,0.500081
0.161,1,1.01301,0.161305,0,0.161305,0.986987,0,0.500081
0.162,1,1.01317,0.162292,0,0.162292,0.986825,0,0.500082
0.163,1,1.01334,0.163279,0,0.163279,0.986663,0,0.500082
0.164,1,1.0135,0.164266,0,0.164266,0.9865,0,0.500083
0.165,1,1.01366,0.165252,0,0.165252,0.986335,0,0.500083
0.166,1,1.01383,0.166239,0,0.166239,0.98617,0,0.500084
0.167,1,1.014,0.167225,0,0.167225,0.986004,0,0.500084
0.168,1,1.01416,0.168211,0,0.168211,0.985837,0,0.500085
0.169,1,1.01433,0.169197,0,0.169197,0.985669,0,0.500085
0.17,1,1.0145,0.170182,0,0.170182,0.985499,0,0.500086
0.171,1,1.01467,0.171168,0,0.171168,0.985329,0,0.500086
0.172,1,1.01484,0.172153,0,0.172153,0.985158,0,0.500087
0.173,1,1.01501,0.173138,0,0.173138,0.984986,0,0.500087
0.174,1,1.01519,0.174123,0,0.174123,0.984813,0,0.500088
0.175,1,1.01536,0.175108,0,0.175108,0.984639,0,0.500088
0.176,1,1.01554,0.176093,0,0.176093,0.984463,0,0.500089
0.177,1,1.01571,0.177077,0,0.177077,0.984287,0,0.500089
0.178,1,1.01589,0.178062,0,0.178062,0.98411,0,0.50009
0.179,1,1.01607,0.179046,0,0.179046,0.983932,0,0.50009
0.18,1,1.01625,0.18003,0,0.18003,0.983753,0,0.500091
0.181,1,1.01643,0.181013,0,0.181013,0.983573,0,0.500091
0.182,1,1.01661,0.181997,0,0.181997,0.983392,0,0.500092
0.183,1,1.01679,0.18298,0,0.18298,0.98321,0,0.500092
0.184,1,1.01697,0.183963,0,0.183963,0.983027,0,0.500093
0.185,1,1.01716,0.184947,0,0.184947,0.982843,0,0.500093
0.186,1,1.01734,0.185929,0,0.185929,0.982658,0,0.500094
0.187,1,1.01753,0.186912,0,0.186912,0.982472,0,0.500094
0.188,1,1.01771,0.187894,0,0.187894,0.982285,0,0.500095
0.189,1,1.0179,0.188877,0,0.188877,0.982098,0,0.500095
0.19,1,1.01809,0.189859,0,0.189859,0.981909,0,0.500096
0.191,1,1.01828,0.190841,0,0.190841,0.981719,0,0.500096
0.192,1,1.01847,0.191823,0,0.191823,0.981528,0,0.500097
0.193,1,1.01866,0.192804,0,0.192804,0.981336,0,0.500097
0.194,1,1.01886,0.193785,0,0.193785,0.981143,0,0.500098
0.195,1,1.01905,0.194767,0,0.194767,0.98095,0,0.500098
0.196,1,1.01925,0.195747,0,0.195747,0.980755,0,0.500099
0.197,1,1.01944,0.196728,0,0.196728,0.980559,0,0.500099
0.198,1,1.01964,0.197709,0,0.197709,0.980362,0,0.5001
0.199,1,1.01984,0.198689,0,0.198689,0.980165,0,0.5001
0.2,1,1.02003,0.199669,0,0.199669,0.979966,0,0.500101
0.201,1,1.02023,0.200649,0,0.200649,0.979766,0,0.500101
0.202,1,1.02043,0.201629,0,0.201629,0.979566,0,0.500102
0.203,1,1.02064,0.202609,0,0.202609,0.979364,0,0.500102
0.204,1,1.02084,0.203588,0,0.203588,0.979161,0,0.500103
0.205,1,1.02104,0.204567,0,0.204567,0.978958,0,0.500103
0.206,1,1.02125,0.205546,0,0.205546,0.978753,0,0.500104
0.207,1,1.02145,0.206525,0,0.206525,0.978548,0,0.500104
0.208,1,1.02166,0.207503,0,0.207503,0.978341,0,0.500105
0.209,1,1.02187,0.208482,0,0.208482,0.978134,0,0.500105
0.21,1,1.02207,0.20946,0,0.20946,0.977925,0,0.500106
0.211,1,1.02228,0.210438,0,0.210438,0.977716,0,0.500106
0.212,1,1.02249,0.211415,0,0.211415,0.977505,0,0.500107
0.213,1,1.02271,0.212393,0,0.212393,0.977294,0,0.500107
0.214,1,1.02292,0.21337,0,0.21337,0.977081,0,0.500108
0.215,1,1.02313,0.214347,0,0.214347,0.976868,0,0.500108
0.216,1,1.02335,0.215324,0,0.215324,0.976654,0,0.500109
0.217,1,1.02356,0.216301,0,0.216301,0.976438,0,0.500109
0.218,1,1.02378,0.217277,0,0.217277,0.976222,0,0.50011
0.219,1,1.024,0.218254,0,0.218254,0.976005,0,0.50011
0.22,1,1.02421,0.21923,0,0.21923,0.975787,0,0.500111
0.221,1,1.02443,0.220205,0,0.220205,0.975567,0,0.500111
0.222,1,1.02465,0.221181,0,0.221181,0.975347,0,0.500112
0.223,1,1.02487,0.222156,0,0.222156,0.975126,0,0.500112
0.224,1,1.0251,0.223131,0,0.223131,0.974904,0,0.500113
0.225,1,1.02532,0.224106,0,0.224106,0.974681,0,0.500113
0.226,1,1.02554,0.225081,0,0.225081,0.974457,0,0.500114
0.227,1,1.02577,0.226055,0,0.226055,0.974231,0,0.500114
0.228,1,1.02599,0.22703,0,0.22703,0.974005,0,0.500115
0.229,1,1.02622,0.228004,0,0.228004,0.973778,0,0.500115
0.23,1,1.02645,0.228977,0,0.228977,0.97355,0,0.500116
0.231,1,1.02668,0.229951,0,0.229951,0.973321,0,0.500116
0.232,1,1.02691,0.230924,0,0.230924,0.973091,0,0.500117
0.233,1,1.02714,0.231897,0,0.231897,0.972861,0,0.500117
0.234,1,1.02737,0.23287,0,0.23287,0.972629,0,0.500118
0.235,1,1.0276,0.233843,0,0.233843,0.972396,0,0.500118
0.236,1,1.02784,0.234815,0,0.234815,0.972162,0,0.500119
0.237,1,1.02807,0.235787,0,0.235787,0.971927,0,0.500119
0.238,1,1.02831,0.236759,0,0.236759,0.971691,0,0.50012
0.239,1,1.02855,0.237731,0,0.237731,0.971455,0,0.50012
0.24,1,1.02878,0.238703,0,0.238703,0.971217,0,0.500121
0.241,1,1.02902,0.239674,0,0.239674,0.970978,0,0.500121
0.242,1,1.02926,0.240645,0,0.240645,0.970738,0,0.500122
0.243,1,1.0295,0.241615,0,0.241615,0.970498,0,0.500122
0.244,1,1.02974,0.242586,0,0.242586,0.970256,0,0.500123
0.245,1,1.02999,0.243556,0,0.243556,0.970014,0,0.500123
0.246,1,1.03023,0.244526,0,0.244526,0.96977,0,0.500124
0.247,1,1.03047,0.245496,0,0.245496,0.969526,0,0.500124
0.248,1,1.03072,0.246466,0,0.246466,0.96928,0,0.500125
0.249,1,1.03097,0.247435,0,0.247435,0.969034,0,0.500125
0.25,1,1.03121,0.248404,0,0.248404,0.968786,0,0.500126
0.251,1,1.03146,0.249373,0,0.249373,0.968538,0,0.500126
0.252,1,1.03171,0.250341,0,0.250341,0.968288,0,0.500127
0.253,1,1.03196,0.251309,0,0.251309,0.968038,0,0.500127
0.254,1,1.03221,0.252277,0,0.252277,0.967787,0,0.500128
0.255,1,1.03247,0.253245,0,0.253245,0.967534,0,0.500128
0.256,1,1.03272,0.254213,0,0.254213,0.967281,0,0.500129
0.257,1,1.03297,0.25518,0,0.25518,0.967027,0,0.500129
0.258,1,1.03323,0.256147,0,0.256147,0.966772,0,0.50013
0.259,1,1.03348,0.257114,0,0.257114,0.966516,0,0.50013
0.26,1,1.03374,0.25808,0,0.25808,0.966259,0,0.500131
0.261,1,1.034,0.259047,0,0.259047,0.966,0,0.500131
0.262,1,1.03426,0.260013,0,0.260013,0.965741,0,0.500132
0.263,1,1.03452,0.260978,0,0.260978,0.965481,0,0.500132
0.264,1,1.03478,0.261944,0,0.261944,0.96522,0,0.500133
0.265,1,1.03504,0.262909,0,0.262909,0.964958,0,0.500133
0.266,1,1.0353,0.263874,0,0.263874,0.964696,0,0.500134
0.267,1,1.03557,0.264839,0,0.264839,0.964432,0,0.500134
0.268,1,1.03583,0.265803,0,0.265803,0.964167,0,0.500135
0.269,1,1.0361,0.266767,0,0.266767,0.963901,0,0.500135
0.27,1,1.03637,0.267731,0,0.267731,0.963634,0,0.500136
0.271,1,1.03663,0.268695,0,0.268695,0.963367,0,0.500136
0.272,1,1.0369,0.269658,0,0.269658,0.963098,0,0.500137
0.273,1,1.03717,0.270621,0,0.270621,0.962828,0,0.500137
0.274,1,1.03744,0.271584,0,0.271584,0.962558,0,0.500138
0.275,1,1.03771,0.272547,0,0.272547,0.962286,0,0.500138
0.276,1,1.03799,0.273509,0,0.273509,0.962013,0,0.500139
0.277,1,1.03826,0.274471,0,0.274471,0.96174,0,0.500139
0.278,1,1.03853,0.275433,0,0.275433,0.961465,0,0.50014
0.279,1,1.03881,0.276394,0,0.276394,0.96119,0,0.50014
0.28,1,1.03909,0.277355,0,0.277355,0.960914,0,0.500141
0.281,1,1.03936,0.278316,0,0.278316,0.960636,0,0.500141
0.282,1,1.03964,0.279277,0,0.279277,0.960358,0,0.500142
0.283,1,1.03992,0.280237,0,0.280237,0.960079,0,0.500142
0.284,1,1.0402,0.281197,0,0.281197,0.959798,0,0.500143
0.285,1,1.04048,0.282157,0,0.282157,0.959517,0,0.500143
0.286,1,1.04076,0.283117,0,0.283117,0.959235,0,0.500144
0.287,1,1.04105,0.284076,0,0.284076,0.958952,0,0.500144
0.288,1,1.04133,0.285035,0,0.285035,0.958668,0,0.500145
0.289,1,1.04162,0.285994,0,0.285994,0.958383,0,0.500145
0.29,1,1.0419,0.286952,0,0.286952,0.958097,0,0.500146
0.291,1,1.04219,0.28791,0,0.28791,0.95781,0,0.500146
0.292,1,1.04248,0.288868,0,0.288868,0.957522,0,0.500147
0.293,1,1.04277,0.289825,0,0.289825,0.957233,0,0.500147
0.294,1,1.04306,0.290783,0,0.290783,0.956943,0,0.500148
0.295,1,1.04335,0.29174,0,0.29174,0.956653,0,0.500148
0.296,1,1.04364,0.292696,0,0.292696,0.956361,0,0.500149
0.297,1,1.04393,0.293653,0,0.293653,0.956068,0,0.500149
0.298,1,1.04423,0.294609,0,0.294609,0.955774,0,0.50015
0.299,1,1.04452,0.295564,0,0.295564,0.95548,0,0.50015
0.3,1,1.04482,0.29652,0,0.29652,0.955184,0,0.500151
0.301,1,1.04511,0.297475,0,0.297475,0.954888,0,0.500151
0.302,1,1.04541,0.29843,0,0.29843,0.95459,0,0.500152
0.303,1,1.04571,0.299385,0,0.299385,0.954292,0,0.500152
0.304,1,1.04601,0.300339,0,0.300339,0.953992,0,0.500153
0.305,1,1.04631,0.301293,0,0.301293,0.953692,0,0.500153
0.306,1,1.04661,0.302247,0,0.302247,0.953391,0,0.500154
0.307,1,1.04691,0.3032,0,0.3032,0.953089,0,0.500154
0.308,1,1.04721,0.304153,0,0.304153,0.952785,0,0.500155
0.309,1,1.04752,0.305106,0,0.305106,0.952481,0,0.500155
0.31,1,1.04782,0.306058,0,0.306058,0.952176,0,0.500156
0.311,1,1.04813,0.30701,0,0.30701,0.95187,0,0.500156
0.312,1,1.04844,0.307962,0,0.307962,0.951563,0,0.500157
0.313,1,1.04874,0.308914,0,0.308914,0.951255,0,0.500157
0.314,1,1.04905,0.309865,0,0.309865,0.950946,0,0.500158
0.315,1,1.04936,0.310816,0,0.310816,0.950636,0,0.500158
0.316,1,1.04967,0.311767,0,0.311767,0.950325,0,0.500159
0.317,1,1.04999,0.312717,0,0.312717,0.950014,0,0.500159
0.318,1,1.0503,0.313667,0,0.313667,0.949701,0,0.50016
0.319,1,1.05061,0.314617,0,0.314617,0.949387,0,0.50016
0.32,1,1.05093,0.315566,0,0.315566,0.949073,0,0.500161
0.321,1,1.05124,0.316515,0,0.316515,0.948757,0,0.500161
0.322,1,1.05156,0.317464,0,0.317464,0.948441,0,0.500162
0.323,1,1.05188,0.318412,0,0.318412,0.948123,0,0.500162
0.324,1,1.0522,0.319361,0,0.319361,0.947805,0,0.500163
0.325,1,1.05251,0.320308,0,0.320308,0.947485,0,0.500163
0.326,1,1.05283,0.321256,0,0.321256,0.947165,0,0.500164
0.327,1,1.05316,0.322203,0,0.322203,0.946844,0,0.500164
0.328,1,1.05348,0.32315,0,0.32315,0.946522,0,0.500165
0.329,1,1.0538,0.324096,0,0.324096,0.946198,0,0.500165
0.33,1,1.05413,0.325043,0,0.325043,0.945874,0,0.500166
0.331,1,1.05445,0.325988,0,0.325988,0.945549,0,0.500166
0.332,1,1.05478,0.326934,0,0.326934,0.945223,0,0.500167
0.333,1,1.0551,0.327879,0,0.327879,0.944896,0,0.500167
0.334,1,1.05543,0.328824,0,0.328824,0.944569,0,0.500168
0.335,1,1.05576,0.329769,0,0.329769,0.94424,0,0.500168
0.336,1,1.05609,0.330713,0,0.330713,0.94391,0,0.500169
0.337,1,1.05642,0.331657,0,0.331657,0.943579,0,0.500169
0.338,1,1.05675,0.3326,0,0.3326,0.943248,0,0.50017
0.339,1,1.05709,0.333544,0,0.333544,0.942915,0,0.50017
0.34,1,1.05742,0.334487,0,0.334487,0.942581,0,0.500171
0.341,1,1.05775,0.335429,0,0.335429,0.942247,0,0.500171
0.342,1,1.05809,0.336371,0,0.336371,0.941912,0,0.500172
0.343,1,1.05842,0.337313,0,0.337313,0.941575,0,0.500172
0.344,1,1.05876,0.338255,0,0.338255,0.941238,0,0.500173
0.345,1,1.0591,0.339196,0,0.339196,0.9409,0,0.500173
0.346,1,1.05944,0.340137,0,0.340137,0.94056,0,0.500174
0.347,1,1.05978,0.341078,0,0.341078,0.94022,0,0.500174
0.348,1,1.06012,0.342018,0,0.342018,0.939879,0,0.500175
0.349,1,1.06046,0.342958,0,0.342958,0.939537,0,0.500175
0.35,1,1.06081,0.343897,0,0.343897,0.939194,0,0.500176
0.351,1,1.06115,0.344836,0,0.344836,0.93885,0,0.500176
0.352,1,1.06149,0.345775,0,0.345775,0.938505,0,0.500177
0.353,1,1.06184,0.346714,0,0.346714,0.93816,0,0.500177
0.354,1,1.06219,0.347652,0,0.347652,0.937813,0,0.500178
0.355,1,1.06253,0.34859,0,0.34859,0.937465,0,0.500178
0.356,1,1.06288,0.349527,0,0.349527,0.937117,0,0.500179
0.357,1,1.06323,0.350464,0,0.350464,0.936767,0,0.500179
0.358,1,1.06358,0.351401,0,0.351401,0.936417,0,0.50018
0.359,1,1.06393,0.352338,0,0.352338,0.936065,0,0.50018
0.36,1,1.06429,0.353274,0,0.353274,0.935713,0,0.500181
0.361,1,1.06464,0.354209,0,0.354209,0.93536,0,0.500181
0.362,1,1.06499,0.355145,0,0.355145,0.935006,0,0.500182
0.363,1,1.06535,0.35608,0,0.35608,0.93465,0,0.500182
0.364,1,1.06571,0.357014,0,0.357014,0.934294,0,0.500183
0.365,1,1.06606,0.357949,0,0.357949,0.933937,0,0.500183
0.366,1,1.06642,0.358883,0,0.358883,0.933579,0,0.500184
0.367,1,1.06678,0.359816,0,0.359816,0.93322,0,0.500184
0.368,1,1.06714,0.360749,0,0.360749,0.932861,0,0.500185
0.369,1,1.0675,0.361682,0,0.361682,0.9325,0,0.500185
0.37,1,1.06786,0.362615,0,0.362615,0.932138,0,0.500186
0.371,1,1.06822,0.363547,0,0.363547,0.931776,0,0.500186
0.372,1,1.06859,0.364479,0,0.364479,0.931412,0,0.500187
0.373,1,1.06895,0.36541,0,0.36541,0.931048,0,0.500187
0.374,1,1.06932,0.366341,0,0.366341,0.930682,0,0.500188
0.375,1,1.06968,0.367272,0,0.367272,0.930316,0,0.500188
0.376,1,1.07005,0.368202,0,0.368202,0.929949,0,0.500189
0.377,1,1.07042,0.369132,0,0.369132,0.92958,0,0.500189
0.378,1,1.07079,0.370062,0,0.370062,0.929211,0,0.50019
0.379,1,1.07116,0.370991,0,0.370991,0.928841,0,0.50019
0.38,1,1.07153,0.37192,0,0.37192,0.92847,0,0.500191
0.381,1,1.0719,0.372848,0,0.372848,0.928098,0,0.500191
0.382,1,1.07227,0.373776,0,0.373776,0.927725,0,0.500192
0.383,1,1.07265,0.374704,0,0.374704,0.927352,0,0.500192
0.384,1,1.07302,0.375631,0,0.375631,0.926977,0,0.500193
0.385,1,1.0734,0.376558,0,0.376558,0.926601,0,0.500193
0.386,1,1.07378,0.377485,0,0.377485,0.926225,0,0.500194
0.387,1,1.07415,0.378411,0,0.378411,0.925847,0,0.500194
0.388,1,1.07453,0.379337,0,0.379337,0.925469,0,0.500195
0.389,1,1.07491,0.380262,0,0.380262,0.925089,0,0.500195
0.39,1,1.07529,0.381188,0,0.381188,0.924709,0,0.500196
0.391,1,1.07567,0.382112,0,0.382112,0.924328,0,0.500196
0.392,1,1.07605,0.383037,0,0.383037,0.923946,0,0.500197
0.393,1,1.07644,0.383961,0,0.383961,0.923563,0,0.500197
0.394,1,1.07682,0.384884,0,0.384884,0.923179,0,0.500198
0.395,1,1.07721,0.385807,0,0.385807,0.922794,0,0.500198
0.396,1,1.07759,0.38673,0,0.38673,0.922408,0,0.500199
0.397,1,1.07798,0.387652,0,0.387652,0.922022,0,0.500199
0.398,1,1.07837,0.388574,0,0.388574,0.921634,0,0.5002
0.399,1,1.07875,0.389496,0,0.389496,0.921245,0,0.5002
0.4,1,1.07914,0.390417,0,0.390417,0.920856,0,0.500201
0.401,1,1.07953,0.391338,0,0.391338,0.920465,0,0.500201
0.402,1,1.07993,0.392259,0,0.392259,0.920074,0,0.500202
0.403,1,1.08032,0.393179,0,0.393179,0.919682,0,0.500202
0.404,1,1.08071,0.394098,0,0.394098,0.919289,0,0.500203
0.405,1,1.08111,0.395018,0,0.395018,0.918894,0,0.500203
0.406,1,1.0815,0.395937,0,0.395937,0.918499,0,0.500204
0.407,1,1.0819,0.396855,0,0.396855,0.918104,0,0.500204
0.408,1,1.08229,0.397773,0,0.397773,0.917707,0,0.500205
0.409,1,1.08269,0.398691,0,0.398691,0.917309,0,0.500205
0.41,1,1.08309,0.399608,0,0.399608,0.91691,0,0.500206
0.411,1,1.08349,0.400525,0,0.400525,0.916511,0,0.500206
0.412,1,1.08389,0.401442,0,0.401442,0.91611,0,0.500207
0.413,1,1.08429,0.402358,0,0.402358,0.915709,0,0.500207
0.414,1,1.08469,0.403273,0,0.403273,0.915306,0,0.500208
0.415,1,1.0851,0.404189,0,0.404189,0.914903,0,0.500208
0.416,1,1.0855,0.405104,0,0.405104,0.914499,0,0.500209
0.417,1,1.08591,0.406018,0,0.406018,0.914094,0,0.500209
0.418,1,1.08631,0.406932,0,0.406932,0.913688,0,0.50021
0.419,1,1.08672,0.407846,0,0.407846,0.913281,0,0.50021
0.42,1,1.08713,0.408759,0,0.408759,0.912873,0,0.500211
0.421,1,1.08754,0.409672,0,0.409672,0.912464,0,0.500211
0.422,1,1.08795,0.410585,0,0.410585,0.912054,0,0.500212
0.423,1,1.08836,0.411497,0,0.411497,0.911644,0,0.500212
0.424,1,1.08877,0.412408,0,0.412408,0.911232,0,0.500213
0.425,1,1.08918,0.41332,0,0.41332,0.91082,0,0.500213
0.426,1,1.08959,0.41423,0,0.41423,0.910407,0,0.500214
0.427,1,1.09001,0.415141,0,0.415141,0.909992,0,0.500214
0.428,1,1.09042,0.416051,0,0.416051,0.909577,0,0.500215
0.429,1,1.09084,0.41696,0,0.41696,0.909161,0,0.500215
0.43,1,1.09126,0.417869,0,0.417869,0.908744,0,0.500216
0.431,1,1.09167,0.418778,0,0.418778,0.908326,0,0.500216
0.432,1,1.09209,0.419687,0,0.419687,0.907908,0,0.500217
0.433,1,1.09251,0.420594,0,0.420594,0.907488,0,0.500217
0.434,1,1.09293,0.421502,0,0.421502,0.907067,0,0.500218
0.435,1,1.09335,0.422409,0,0.422409,0.906646,0,0.500218
0.436,1,1.09378,0.423316,0,0.423316,0.906223,0,0.500219
0.437,1,1.0942,0.424222,0,0.424222,0.9058,0,0.500219
0.438,1,1.09462,0.425128,0,0.425128,0.905376,0,0.50022
0.439,1,1.09505,0.426033,0,0.426033,0.904951,0,0.50022
0.44,1,1.09548,0.426938,0,0.426938,0.904525,0,0.500221
0.441,1,1.0959,0.427843,0,0.427843,0.904098,0,0.500221
0.442,1,1.09633,0.428747,0,0.428747,0.90367,0,0.500222
0.443,1,1.09676,0.42965,0,0.42965,0.903241,0,0.500222
0.444,1,1.09719,0.430554,0,0.430554,0.902812,0,0.500223
0.445,1,1.09762,0.431456,0,0.431456,0.902381,0,0.500223
0.446,1,1.09805,0.432359,0,0.432359,0.90195,0,0.500224
0.447,1,1.09848,0.433261,0,0.433261,0.901517,0,0.500224
0.448,1,1.09892,0.434162,0,0.434162,0.901084,0,0.500225
0.449,1,1.09935,0.435063,0,0.435063,0.90065,0,0.500225
0.45,1,1.09979,0.435964,0,0.435964,0.900215,0,0.500226
0.451,1,1.10022,0.436864,0,0.436864,0.899779,0,0.500226
0.452,1,1.10066,0.437764,0,0.437764,0.899342,0,0.500227
0.453,1,1.1011,0.438663,0,0.438663,0.898904,0,0.500227
0.454,1,1.10153,0.439562,0,0.439562,0.898465,0,0.500228
0.455,1,1.10197,0.440461,0,0.440461,0.898026,0,0.500228
0.456,1,1.10241,0.441359,0,0.441359,0.897585,0,0.500229
0.457,1,1.10286,0.442256,0,0.442256,0.897144,0,0.500229
0.458,1,1.1033,0.443153,0,0.443153,0.896702,0,0.50023
0.459,1,1.10374,0.44405,0,0.44405,0.896259,0,0.50023
0.46,1,1.10419,0.444946,0,0.444946,0.895815,0,0.500231
0.461,1,1.10463,0.445842,0,0.445842,0.89537,0,0.500231
0.462,1,1.10508,0.446738,0,0.446738,0.894924,0,0.500232
0.463,1,1.10552,0.447632,0,0.447632,0.894477,0,0.500232
0.464,1,1.10597,0.448527,0,0.448527,0.894029,0,0.500233
0.465,1,1.10642,0.449421,0,0.449421,0.893581,0,0.500233
0.466,1,1.10687,0.450315,0,0.450315,0.893132,0,0.500234
0.467,1,1.10732,0.451208,0,0.451208,0.892681,0,0.500234
0.468,1,1.10777,0.4521,0,0.4521,0.89223,0,0.500235
0.469,1,1.10822,0.452993,0,0.452993,0.891778,0,0.500235
0.47,1,1.10868,0.453884,0,0.453884,0.891325,0,0.500236
0.471,1,1.10913,0.454776,0,0.454776,0.890871,0,0.500236
0.472,1,1.10958,0.455667,0,0.455667,0.890416,0,0.500237
0.473,1,1.11004,0.456557,0,0.456557,0.889961,0,0.500237
0.474,1,1.1105,0.457447,0,0.457447,0.889504,0,0.500238
0.475,1,1.11095,0.458336,0,0.458336,0.889047,0,0.500238
0.476,1,1.11141,0.459225,0,0.459225,0.888588,0,0.500239
0.477,1,1.11187,0.460114,0,0.460114,0.888129,0,0.500239
0.478,1,1.11233,0.461002,0,0.461002,0.887669,0,0.50024
0.479,1,1.11279,0.46189,0,0.46189,0.887208,0,0.50024
0.48,1,1.11325,0.462777,0,0.462777,0.886746,0,0.500241
0.481,1,1.11372,0.463664,0,0.463664,0.886283,0,0.500241
0.482,1,1.11418,0.46455,0,0.46455,0.88582,0,0.500242
0.483,1,1.11464,0.465436,0,0.465436,0.885355,0,0.500242
0.484,1,1.11511,0.466321,0,0.466321,0.88489,0,0.500243
0.485,1,1.11558,0.467206,0,0.467206,0.884423,0,0.500243
0.486,1,1.11604,0.468091,0,0.468091,0.883956,0,0.500244
0.487,1,1.11651,0.468975,0,0.468975,0.883488,0,0.500244
0.488,1,1.11698,0.469858,0,0.469858,0.883019,0,0.500245
0.489,1,1.11745,0.470741,0,0.470741,0.882549,0,0.500245
0.49,1,1.11792,0.471624,0,0.471624,0.882078,0,0.500246
0.491,1,1.11839,0.472506,0,0.472506,0.881607,0,0.500246
0.492,1,1.11887,0.473387,0,0.473387,0.881134,0,0.500247
0.493,1,1.11934,0.474268,0,0.474268,0.880661,0,0.500247
0.494,1,1.11981,0.475149,0,0.475149,0.880187,0,0.500248
0.495,1,1.12029,0.476029,0,0.476029,0.879711,0,0.500248
0.496,1,1.12076,0.476909,0,0.476909,0.879235,0,0.500249
0.497,1,1.12124,0.477788,0,0.477788,0.878759,0,0.500249
0.498,1,1.12172,0.478667,0,0.478667,0.878281,0,0.50025
0.499,1,1.1222,0.479545,0,0.479545,0.877802,0,0.50025
0.5,1,1.12268,0.480423,0,0.480423,0.877323,0,0.500251
0.501,1,1.12316,0.4813,0,0.4813,0.876842,0,0.500251
0.502,1,1.12364,0.482177,0,0.482177,0.876361,0,0.500252
0.503,1,1.12412,0.483054,0,0.483054,0.875879,0,0.500252
0.504,1,1.1246,0.483929,0,0.483929,0.875396,0,0.500253
0.505,1,1.12509,0.484805,0,0.484805,0.874912,0,0.500253
0.506,1,1.12557,0.48568,0,0.48568,0.874427,0,0.500254
0.507,1,1.12606,0.486554,0,0.486554,0.873941,0,0.500254
0.508,1,1.12655,0.487428,0,0.487428,0.873455,0,0.500255
0.509,1,1.12703,0.488302,0,0.488302,0.872967,0,0.500255
0.51,1,1.12752,0.489175,0,0.489175,0.872479,0,0.500256
0.511,1,1.12801,0.490047,0,0.490047,0.87199,0,0.500256
0.512,1,1.1285,0.490919,0,0.490919,0.8715,0,0.500257
0.513,1,1.12899,0.491791,0,0.491791,0.871009,0,0.500257
0.514,1,1.12948,0.492662,0,0.492662,0.870517,0,0.500258
0.515,1,1.12998,0.493532,0,0.493532,0.870024,0,0.500258
0.516,1,1.13047,0.494402,0,0.494402,0.869531,0,0.500259
0.517,1,1.13096,0.495272,0,0.495272,0.869036,0,0.500259
0.518,1,1.13146,0.496141,0,0.496141,0.868541,0,0.50026
0.519,1,1.13196,0.497009,0,0.497009,0.868045,0,0.50026
0.52,1,1.13245,0.497877,0,0.497877,0.867548,0,0.500261
0.521,1,1.13295,0.498745,0,0.498745,0.86705,0,0.500261
0.522,1,1.13345,0.499612,0,0.499612,0.866551,0,0.500262
0.523,1,1.13395,0.500478,0,0.500478,0.866052,0,0.500262
0.524,1,1.13445,0.501344,0,0.501344,0.865551,0,0.500263
0.525,1,1.13495,0.50221,0,0.50221,0.86505,0,0.500263
0.526,1,1.13545,0.503075,0,0.503075,0.864548,0,0.500264
0.527,1,1.13596,0.50394,0,0.50394,0.864045,0,0.500264
0.528,1,1.13646,0.504804,0,0.504804,0.863541,0,0.500265
0.529,1,1.13696,0.505667,0,0.505667,0.863036,0,0.500265
0.53,1,1.13747,0.50653,0,0.50653,0.86253,0,0.500266
0.531,1,1.13798,0.507393,0,0.507393,0.862024,0,0.500266
0.532,1,1.13848,0.508255,0,0.508255,0.861516,0,0.500267
0.533,1,1.13899,0.509116,0,0.509116,0.861008,0,0.500267
0.534,1,1.1395,0.509977,0,0.509977,0.860499,0,0.500268
0.535,1,1.14001,0.510838,0,0.510838,0.859989,0,0.500268
0.536,1,1.14052,0.511698,0,0.511698,0.859478,0,0.500269
0.537,1,1.14103,0.512557,0,0.512557,0.858966,0,0.500269
0.538,1,1.14155,0.513416,0,0.513416,0.858454,0,0.50027
0.539,1,1.14206,0.514275,0,0.514275,0.85794,0,0.50027
0.54,1,1.14257,0.515133,0,0.515133,0.857426,0,0.500271
0.541,1,1.14309,0.51599,0,0.51599,0.856911,0,0.500271
0.542,1,1.14361,0.516847,0,0.516847,0.856395,0,0.500272
0.543,1,1.14412,0.517703,0,0.517703,0.855878,0,0.500272
0.544,1,1.14464,0.518559,0,0.518559,0.85536,0,0.500273
0.545,1,1.14516,0.519415,0,0.519415,0.854842,0,0.500273
0.546,1,1.14568,0.520269,0,0.520269,0.854322,0,0.500274
0.547,1,1.1462,0.521124,0,0.521124,0.853802,0,0.500274
0.548,1,1.14672,0.521978,0,0.521978,0.853281,0,0.500275
0.549,1,1.14724,0.522831,0,0.522831,0.852759,0,0.500275
0.55,1,1.14776,0.523684,0,0.523684,0.852236,0,0.500276
0.551,1,1.14829,0.524536,0,0.524536,0.851713,0,0.500276
0.552,1,1.14881,0.525388,0,0.525388,0.851188,0,0.500277
0.553,1,1.14934,0.526239,0,0.526239,0.850663,0,0.500277
0.554,1,1.14986,0.527089,0,0.527089,0.850136,0,0.500278
0.555,1,1.15039,0.52794,0,0.52794,0.849609,0,0.500278
0.556,1,1.15092,0.528789,0,0.528789,0.849081,0,0.500279
0.557,1,1.15145,0.529638,0,0.529638,0.848553,0,0.500279
0.558,1,1.15198,0.530487,0,0.530487,0.848023,0,0.50028
0.559,1,1.15251,0.531335,0,0.531335,0.847492,0,0.50028
0.56,1,1.15304,0.532182,0,0.532182,0.846961,0,0.500281
0.561,1,1.15357,0.533029,0,0.533029,0.846429,0,0.500281
0.562,1,1.1541,0.533876,0,0.533876,0.845896,0,0.500282
0.563,1,1.15464,0.534722,0,0.534722,0.845362,0,0.500282
0.564,1,1.15517,0.535567,0,0.535567,0.844827,0,0.500283
0.565,1,1.15571,0.536412,0,0.536412,0.844292,0,0.500283
0.566,1,1.15624,0.537256,0,0.537256,0.843755,0,0.500284
0.567,1,1.15678,0.5381,0,0.5381,0.843218,0,0.500284
0.568,1,1.15732,0.538943,0,0.538943,0.84268,0,0.500285
0.569,1,1.15786,0.539786,0,0.539786,0.842141,0,0.500285
0.57,1,1.1584,0.540628,0,0.540628,0.841601,0,0.500286
0.571,1,1.15894,0.541469,0,0.541469,0.841061,0,0.500286
0.572,1,1.15948,0.542311,0,0.542311,0.840519,0,0.500287
0.573,1,1.16002,0.543151,0,0.543151,0.839977,0,0.500287
0.574,1,1.16057,0.543991,0,0.543991,0.839434,0,0.500288
0.575,1,1.16111,0.54483,0,0.54483,0.83889,0,0.500288
0.576,1,1.16166,0.545669,0,0.545669,0.838345,0,0.500289
0.577,1,1.1622,0.546508,0,0.546508,0.837799,0,0.500289
0.578,1,1.16275,0.547345,0,0.547345,0.837253,0,0.50029
0.579,1,1.16329,0.548183,0,0.548183,0.836705,0,0.50029
0.58,1,1.16384,0.549019,0,0.549019,0.836157,0,0.500291
0.581,1,1.16439,0.549856,0,0.549856,0.835608,0,0.500291
0.582,1,1.16494,0.550691,0,0.550691,0.835058,0,0.500292
0.583,1,1.16549,0.551526,0,0.551526,0.834508,0,0.500292
0.584,1,1.16604,0.552361,0,0.552361,0.833956,0,0.500293
0.585,1,1.1666,0.553195,0,0.553195,0.833404,0,0.500293
0.586,1,1.16715,0.554028,0,0.554028,0.832851,0,0.500294
0.587,1,1.1677,0.554861,0,0.554861,0.832297,0,0.500294
0.588,1,1.16826,0.555693,0,0.555693,0.831742,0,0.500295
0.589,1,1.16881,0.556525,0,0.556525,0.831186,0,0.500295
0.59,1,1.16937,0.557356,0,0.557356,0.830629,0,0.500296
0.591,1,1.16993,0.558187,0,0.558187,0.830072,0,0.500296
0.592,1,1.17049,0.559017,0,0.559017,0.829514,0,0.500297
0.593,1,1.17105,0.559846,0,0.559846,0.828955,0,0.500297
0.594,1,1.1716,0.560675,0,0.560675,0.828395,0,0.500298
0.595,1,1.17217,0.561504,0,0.561504,0.827834,0,0.500298
0.596,1,1.17273,0.562332,0,0.562332,0.827273,0,0.500299
0.597,1,1.17329,0.563159,0,0.563159,0.826711,0,0.500299
0.598,1,1.17385,0.563986,0,0.563986,0.826147,0,0.5003
0.599,1,1.17442,0.564812,0,0.564812,0.825583,0,0.5003
0.6,1,1.17498,0.565637,0,0.565637,0.825019,0,0.500301
0.601,1,1.17555,0.566462,0,0.566462,0.824453,0,0.500301
0.602,1,1.17611,0.567287,0,0.567287,0.823886,0,0.500302
0.603,1,1.17668,0.568111,0,0.568111,0.823319,0,0.500302
0.604,1,1.17725,0.568934,0,0.568934,0.822751,0,0.500303
0.605,1,1.17782,0.569757,0,0.569757,0.822182,0,0.500303
0.606,1,1.17839,0.570579,0,0.570579,0.821612,0,0.500304
0.607,1,1.17896,0.571401,0,0.571401,0.821042,0,0.500304
0.608,1,1.17953,0.572222,0,0.572222,0.82047,0,0.500305
0.609,1,1.1801,0.573042,0,0.573042,0.819898,0,0.500305
0.61,1,1.18067,0.573862,0,0.573862,0.819325,0,0.500306
0.611,1,1.18125,0.574681,0,0.574681,0.818751,0,0.500306
0.612,1,1.18182,0.5755,0,0.5755,0.818177,0,0.500307
0.613,1,1.1824,0.576318,0,0.576318,0.817601,0,0.500307
0.614,1,1.18298,0.577136,0,0.577136,0.817025,0,0.500308
0.615,1,1.18355,0.577953,0,0.577953,0.816448,0,0.500308
0.616,1,1.18413,0.578769,0,0.578769,0.81587,0,0.500309
0.617,1,1.18471,0.579585,0,0.579585,0.815291,0,0.500309
0.618,1,1.18529,0.5804,0,0.5804,0.814711,0,0.50031
0.619,1,1.18587,0.581215,0,0.581215,0.814131,0,0.50031
0.62,1,1.18645,0.582029,0,0.582029,0.81355,0,0.500311
0.621,1,1.18703,0.582843,0,0.582843,0.812968,0,0.500311
0.622,1,1.18762,0.583656,0,0.583656,0.812385,0,0.500312
0.623,1,1.1882,0.584468,0,0.584468,0.811801,0,0.500312
0.624,1,1.18878,0.58528,0,0.58528,0.811217,0,0.500313
0.625,1,1.18937,0.586091,0,0.586091,0.810631,0,0.500313
0.626,1,1.18995,0.586902,0,0.586902,0.810045,0,0.500314
0.627,1,1.19054,0.587712,0,0.587712,0.809458,0,0.500314
0.628,1,1.19113,0.588521,0,0.588521,0.808871,0,0.500315
0.629,1,1.19172,0.58933,0,0.58933,0.808282,0,0.500315
0.63,1,1.19231,0.590138,0,0.590138,0.807693,0,0.500316
0.631,1,1.1929,0.590946,0,0.590946,0.807103,0,0.500316
0.632,1,1.19349,0.591753,0,0.591753,0.806512,0,0.500317
0.633,1,1.19408,0.59256,0,0.59256,0.80592,0,0.500317
0.634,1,1.19467,0.593366,0,0.593366,0.805327,0,0.500318
0.635,1,1.19527,0.594171,0,0.594171,0.804734,0,0.500318
0.636,1,1.19586,0.594976,0,0.594976,0.80414,0,0.500319
0.637,1,1.19646,0.59578,0,0.59578,0.803545,0,0.500319
0.638,1,1.19705,0.596583,0,0.596583,0.802949,0,0.50032
0.639,1,1.19765,0.597386,0,0.597386,0.802353,0,0.50032
0.64,1,1.19824,0.598189,0,0.598189,0.801755,0,0.500321
0.641,1,1.19884,0.598991,0,0.598991,0.801157,0,0.500321
0.642,1,1.19944,0.599792,0,0.599792,0.800558,0,0.500322
0.643,1,1.20004,0.600592,0,0.600592,0.799958,0,0.500322
0.644,1,1.20064,0.601392,0,0.601392,0.799358,0,0.500323
0.645,1,1.20124,0.602192,0,0.602192,0.798756,0,0.500323
0.646,1,1.20185,0.60299,0,0.60299,0.798154,0,0.500324
0.647,1,1.20245,0.603788,0,0.603788,0.797551,0,0.500324
0.648,1,1.20305,0.604586,0,0.604586,0.796947,0,0.500325
0.649,1,1.20366,0.605383,0,0.605383,0.796343,0,0.500325
0.65,1,1.20426,0.606179,0,0.606179,0.795737,0,0.500326
0.651,1,1.20487,0.606975,0,0.606975,0.795131,0,0.500326
0.652,1,1.20548,0.60777,0,0.60777,0.794524,0,0.500327
0.653,1,1.20608,0.608565,0,0.608565,0.793916,0,0.500327
0.654,1,1.20669,0.609359,0,0.609359,0.793308,0,0.500328
0.655,1,1.2073,0.610152,0,0.610152,0.792698,0,0.500328
0.656,1,1.20791,0.610945,0,0.610945,0.792088,0,0.500329
0.657,1,1.20852,0.611737,0,0.611737,0.791477,0,0.500329
0.658,1,1.20913,0.612528,0,0.612528,0.790866,0,0.50033
0.659,1,1.20975,0.613319,0,0.613319,0.790253,0,0.50033
0.66,1,1.21036,0.614109,0,0.614109,0.78964,0,0.500331
0.661,1,1.21097,0.614899,0,0.614899,0.789026,0,0.500331
0.662,1,1.21159,0.615688,0,0.615688,0.788411,0,0.500332
0.663,1,1.2122,0.616476,0,0.616476,0.787795,0,0.500332
0.664,1,1.21282,0.617264,0,0.617264,0.787179,0,0.500333
0.665,1,1.21344,0.618051,0,0.618051,0.786561,0,0.500333
0.666,1,1.21406,0.618838,0,0.618838,0.785943,0,0.500334
0.667,1,1.21468,0.619624,0,0.619624,0.785324,0,0.500334
0.668,1,1.2153,0.620409,0,0.620409,0.784705,0,0.500335
0.669,1,1.21592,0.621194,0,0.621194,0.784084,0,0.500335
0.67,1,1.21654,0.621978,0,0.621978,0.783463,0,0.500336
0.671,1,1.21716,0.622761,0,0.622761,0.782841,0,0.500336
0.672,1,1.21778,0.623544,0,0.623544,0.782218,0,0.500337
0.673,1,1.21841,0.624326,0,0.624326,0.781595,0,0.500337
0.674,1,1.21903,0.625108,0,0.625108,0.780971,0,0.500338
0.675,1,1.21965,0.625889,0,0.625889,0.780346,0,0.500338
0.676,1,1.22028,0.626669,0,0.626669,0.77972,0,0.500339
0.677,1,1.22091,0.627449,0,0.627449,0.779093,0,0.500339
0.678,1,1.22153,0.628228,0,0.628228,0.778466,0,0.50034
0.679,1,1.22216,0.629007,0,0.629007,0.777837,0,0.50034
0.68,1,1.22279,0.629785,0,0.629785,0.777208,0,0.500341
0.681,1,1.22342,0.630562,0,0.630562,0.776578,0,0.500341
0.682,1,1.22405,0.631338,0,0.631338,0.775948,0,0.500342
0.683,1,1.22468,0.632114,0,0.632114,0.775317,0,0.500342
0.684,1,1.22532,0.63289,0,0.63289,0.774684,0,0.500343
0.685,1,1.22595,0.633664,0,0.633664,0.774052,0,0.500343
0.686,1,1.22658,0.634438,0,0.634438,0.773418,0,0.500344
0.687,1,1.22722,0.635212,0,0.635212,0.772783,0,0.500344
0.688,1,1.22785,0.635984,0,0.635984,0.772148,0,0.500345
0.689,1,1.22849,0.636757,0,0.636757,0.771512,0,0.500345
0.69,1,1.22912,0.637528,0,0.637528,0.770876,0,0.500346
0.691,1,1.22976,0.638299,0,0.638299,0.770238,0,0.500346
0.692,1,1.2304,0.639069,0,0.639069,0.7696,0,0.500347
0.693,1,1.23104,0.639839,0,0.639839,0.768961,0,0.500347
0.694,1,1.23168,0.640608,0,0.640608,0.768321,0,0.500348
0.695,1,1.23232,0.641376,0,0.641376,0.76768,0,0.500348
0.696,1,1.23296,0.642144,0,0.642144,0.767039,0,0.500349
0.697,1,1.2336,0.642911,0,0.642911,0.766397,0,0.500349
0.698,1,1.23425,0.643677,0,0.643677,0.765754,0,0.50035
0.699,1,1.23489,0.644443,0,0.644443,0.76511,0,0.50035
0.7,1,1.23553,0.645208,0,0.645208,0.764466,0,0.500351
0.701,1,1.23618,0.645973,0,0.645973,0.76382,0,0.500351
0.702,1,1.23683,0.646736,0,0.646736,0.763174,0,0.500352
0.703,1,1.23747,0.6475,0,0.6475,0.762528,0,0.500352
0.704,1,1.23812,0.648262,0,0.648262,0.76188,0,0.500353
0.705,1,1.23877,0.649024,0,0.649024,0.761232,0,0.500353
0.706,1,1.23942,0.649785,0,0.649785,0.760583,0,0.500354
0.707,1,1.24007,0.650546,0,0.650546,0.759933,0,0.500354
0.708,1,1.24072,0.651306,0,0.651306,0.759283,0,0.500355
0.709,1,1.24137,0.652065,0,0.652065,0.758631,0,0.500355
0.71,1,1.24202,0.652824,0,0.652824,0.757979,0,0.500356
0.711,1,1.24267,0.653582,0,0.653582,0.757326,0,0.500356
0.712,1,1.24333,0.654339,0,0.654339,0.756673,0,0.500357
0.713,1,1.24398,0.655096,0,0.655096,0.756018,0,0.500357
0.714,1,1.24464,0.655852,0,0.655852,0.755363,0,0.500358
0.715,1,1.24529,0.656607,0,0.656607,0.754708,0,0.500358
0.716,1,1.24595,0.657362,0,0.657362,0.754051,0,0.500359
0.717,1,1.24661,0.658116,0,0.658116,0.753394,0,0.500359
0.718,1,1.24726,0.658869,0,0.658869,0.752735,0,0.50036
0.719,1,1.24792,0.659622,0,0.659622,0.752077,0,0.50036
0.72,1,1.24858,0.660374,0,0.660374,0.751417,0,0.500361
0.721,1,1.24924,0.661125,0,0.661125,0.750757,0,0.500361
0.722,1,1.2499,0.661876,0,0.661876,0.750095,0,0.500362
0.723,1,1.25057,0.662626,0,0.662626,0.749434,0,0.500362
0.724,1,1.25123,0.663376,0,0.663376,0.748771,0,0.500363
0.725,1,1.25189,0.664124,0,0.664124,0.748108,0,0.500363
0.726,1,1.25256,0.664873,0,0.664873,0.747443,0,0.500364
0.727,1,1.25322,0.66562,0,0.66562,0.746779,0,0.500364
0.728,1,1.25389,0.666367,0,0.666367,0.746113,0,0.500365
0.729,1,1.25455,0.667113,0,0.667113,0.745447,0,0.500365
0.73,1,1.25522,0.667858,0,0.667858,0.744779,0,0.500366
0.731,1,1.25589,0.668603,0,0.668603,0.744112,0,0.500366
0.732,1,1.25656,0.669347,0,0.669347,0.743443,0,0.500367
0.733,1,1.25723,0.670091,0,0.670091,0.742774,0,0.500367
0.734,1,1.2579,0.670833,0,0.670833,0.742104,0,0.500368
0.735,1,1.25857,0.671576,0,0.671576,0.741433,0,0.500368
0.736,1,1.25924,0.672317,0,0.672317,0.740761,0,0.500369
0.737,1,1.25991,0.673058,0,0.673058,0.740089,0,0.500369
0.738,1,1.26058,0.673798,0,0.673798,0.739416,0,0.50037
0.739,1,1.26126,0.674537,0,0.674537,0.738742,0,0.50037
0.74,1,1.26193,0.675276,0,0.675276,0.738067,0,0.500371
0.741,1,1.26261,0.676014,0,0.676014,0.737392,0,0.500371
0.742,1,1.26328,0.676751,0,0.676751,0.736716,0,0.500372
0.743,1,1.26396,0.677488,0,0.677488,0.736039,0,0.500372
0.744,1,1.26464,0.678224,0,0.678224,0.735362,0,0.500373
0.745,1,1.26532,0.67896,0,0.67896,0.734684,0,0.500373
0.746,1,1.266,0.679694,0,0.679694,0.734005,0,0.500374
0.747,1,1.26667,0.680428,0,0.680428,0.733325,0,0.500374
0.748,1,1.26736,0.681162,0,0.681162,0.732645,0,0.500375
0.749,1,1.26804,0.681894,0,0.681894,0.731963,0,0.500375
0.75,1,1.26872,0.682626,0,0.682626,0.731282,0,0.500376
0.751,1,1.2694,0.683357,0,0.683357,0.730599,0,0.500376
0.752,1,1.27008,0.684088,0,0.684088,0.729916,0,0.500377
0.753,1,1.27077,0.684818,0,0.684818,0.729232,0,0.500377
0.754,1,1.27145,0.685547,0,0.685547,0.728547,0,0.500378
0.755,1,1.27214,0.686276,0,0.686276,0.727861,0,0.500378
0.756,1,1.27283,0.687004,0,0.687004,0.727175,0,0.500379
0.757,1,1.27351,0.687731,0,0.687731,0.726488,0,0.500379
0.758,1,1.2742,0.688457,0,0.688457,0.7258,0,0.50038
0.759,1,1.27489,0.689183,0,0.689183,0.725112,0,0.50038
0.76,1,1.27558,0.689908,0,0.689908,0.724422,0,0.500381
0.761,1,1.27627,0.690633,0,0.690633,0.723733,0,0.500381
0.762,1,1.27696,0.691356,0,0.691356,0.723042,0,0.500382
0.763,1,1.27765,0.692079,0,0.692079,0.722351,0,0.500382
0.764,1,1.27834,0.692802,0,0.692802,0.721659,0,0.500383
0.765,1,1.27903,0.693523,0,0.693523,0.720966,0,0.500383
0.766,1,1.27973,0.694244,0,0.694244,0.720272,0,0.500384
0.767,1,1.28042,0.694965,0,0.694965,0.719578,0,0.500384
0.768,1,1.28112,0.695684,0,0.695684,0.718883,0,0.500385
0.769,1,1.28181,0.696403,0,0.696403,0.718187,0,0.500385
0.77,1,1.28251,0.697121,0,0.697121,0.717491,0,0.500386
0.771,1,1.28321,0.697839,0,0.697839,0.716794,0,0.500386
0.772,1,1.2839,0.698556,0,0.698556,0.716096,0,0.500387
0.773,1,1.2846,0.699272,0,0.699272,0.715397,0,0.500387
0.774,1,1.2853,0.699987,0,0.699987,0.714698,0,0.500388
0.775,1,1.286,0.700702,0,0.700702,0.713998,0,0.500388
0.776,1,1.2867,0.701416,0,0.701416,0.713297,0,0.500389
0.777,1,1.2874,0.702129,0,0.702129,0.712596,0,0.500389
0.778,1,1.28811,0.702842,0,0.702842,0.711894,0,0.50039
0.779,1,1.28881,0.703554,0,0.703554,0.711191,0,0.50039
0.78,1,1.28951,0.704265,0,0.704265,0.710487,0,0.500391
0.781,1,1.29022,0.704975,0,0.704975,0.709783,0,0.500391
0.782,1,1.29092,0.705685,0,0.705685,0.709078,0,0.500392
0.783,1,1.29163,0.706394,0,0.706394,0.708373,0,0.500392
0.784,1,1.29233,0.707102,0,0.707102,0.707666,0,0.500393
0.785,1,1.29304,0.70781,0,0.70781,0.706959,0,0.500393
0.786,1,1.29375,0.708517,0,0.708517,0.706251,0,0.500394
0.787,1,1.29446,0.709223,0,0.709223,0.705543,0,0.500394
0.788,1,1.29517,0.709929,0,0.709929,0.704834,0,0.500395
0.789,1,1.29588,0.710634,0,0.710634,0.704124,0,0.500395
0.79,1,1.29659,0.711338,0,0.711338,0.703413,0,0.500396
0.791,1,1.2973,0.712041,0,0.712041,0.702702,0,0.500396
0.792,1,1.29801,0.712744,0,0.712744,0.70199,0,0.500397
0.793,1,1.29872,0.713446,0,0.713446,0.701277,0,0.500397
0.794,1,1.29944,0.714147,0,0.714147,0.700563,0,0.500398
0.795,1,1.30015,0.714848,0,0.714848,0.699849,0,0.500398
0.796,1,1.30087,0.715548,0,0.715548,0.699134,0,0.500399
0.797,1,1.30158,0.716247,0,0.716247,0.698419,0,0.500399
0.798,1,1.3023,0.716945,0,0.716945,0.697703,0,0.5004
0.799,1,1.30301,0.717643,0,0.717643,0.696986,0,0.5004
0.8,1,1.30373,0.71834,0,0.71834,0.696268,0,0.500401
0.801,1,1.30445,0.719036,0,0.719036,0.69555,0,0.500401
0.802,1,1.30517,0.719732,0,0.719732,0.694831,0,0.500402
0.803,1,1.30589,0.720427,0,0.720427,0.694111,0,0.500402
0.804,1,1.30661,0.721121,0,0.721121,0.69339,0,0.500403
0.805,1,1.30733,0.721814,0,0.721814,0.692669,0,0.500403
0.806,1,1.30805,0.722507,0,0.722507,0.691948,0,0.500404
0.807,1,1.30877,0.723199,0,0.723199,0.691225,0,0.500404
0.808,1,1.3095,0.72389,0,0.72389,0.690502,0,0.500405
0.809,1,1.31022,0.72458,0,0.72458,0.689778,0,0.500405
0.81,1,1.31095,0.72527,0,0.72527,0.689053,0,0.500406
0.811,1,1.31167,0.725959,0,0.725959,0.688328,0,0.500406
0.812,1,1.3124,0.726648,0,0.726648,0.687602,0,0.500407
0.813,1,1.31312,0.727335,0,0.727335,0.686875,0,0.500407
0.814,1,1.31385,0.728022,0,0.728022,0.686148,0,0.500408
0.815,1,1.31458,0.728708,0,0.728708,0.68542,0,0.500408
0.816,1,1.31531,0.729394,0,0.729394,0.684691,0,0.500409
0.817,1,1.31604,0.730078,0,0.730078,0.683962,0,0.500409
0.818,1,1.31677,0.730762,0,0.730762,0.683232,0,0.50041
0.819,1,1.3175,0.731445,0,0.731445,0.682501,0,0.50041
0.82,1,1.31823,0.732128,0,0.732128,0.68177,0,0.500411
0.821,1,1.31896,0.73281,0,0.73281,0.681038,0,0.500411
0.822,1,1.3197,0.733491,0,0.733491,0.680305,0,0.500412
0.823,1,1.32043,0.734171,0,0.734171,0.679571,0,0.500412
0.824,1,1.32116,0.734851,0,0.734851,0.678837,0,0.500413
0.825,1,1.3219,0.735529,0,0.735529,0.678102,0,0.500413
0.826,1,1.32263,0.736208,0,0.736208,0.677367,0,0.500414
0.827,1,1.32337,0.736885,0,0.736885,0.676631,0,0.500414
0.828,1,1.32411,0.737562,0,0.737562,0.675894,0,0.500415
0.829,1,1.32484,0.738237,0,0.738237,0.675156,0,0.500415
0.83,1,1.32558,0.738913,0,0.738913,0.674418,0,0.500416
0.831,1,1.32632,0.739587,0,0.739587,0.673679,0,0.500416
0.832,1,1.32706,0.740261,0,0.740261,0.672939,0,0.500417
0.833,1,1.3278,0.740934,0,0.740934,0.672199,0,0.500417
0.834,1,1.32854,0.741606,0,0.741606,0.671458,0,0.500418
0.835,1,1.32928,0.742277,0,0.742277,0.670717,0,0.500418
0.836,1,1.33003,0.742948,0,0.742948,0.669974,0,0.500419
0.837,1,1.33077,0.743618,0,0.743618,0.669231,0,0.500419
0.838,1,1.33151,0.744287,0,0.744287,0.668488,0,0.50042
0.839,1,1.33226,0.744956,0,0.744956,0.667743,0,0.50042
0.84,1,1.333,0.745623,0,0.745623,0.666998,0,0.500421
0.841,1,1.33375,0.74629,0,0.74629,0.666253,0,0.500421
0.842,1,1.33449,0.746957,0,0.746957,0.665507,0,0.500422
0.843,1,1.33524,0.747622,0,0.747622,0.66476,0,0.500422
0.844,1,1.33599,0.748287,0,0.748287,0.664012,0,0.500423
0.845,1,1.33674,0.748951,0,0.748951,0.663264,0,0.500423
0.846,1,1.33749,0.749614,0,0.749614,0.662515,0,0.500424
0.847,1,1.33823,0.750277,0,0.750277,0.661765,0,0.500424
0.848,1,1.33899,0.750939,0,0.750939,0.661015,0,0.500425
0.849,1,1.33974,0.7516,0,0.7516,0.660264,0,0.500425
0.85,1,1.34049,0.75226,0,0.75226,0.659512,0,0.500426
0.851,1,1.34124,0.752919,0,0.752919,0.65876,0,0.500426
0.852,1,1.34199,0.753578,0,0.753578,0.658007,0,0.500427
0.853,1,1.34275,0.754236,0,0.754236,0.657254,0,0.500427
0.854,1,1.3435,0.754893,0,0.754893,0.656499,0,0.500428
0.855,1,1.34426,0.75555,0,0.75555,0.655744,0,0.500428
0.856,1,1.34501,0.756206,0,0.756206,0.654989,0,0.500429
0.857,1,1.34577,0.756861,0,0.756861,0.654233,0,0.500429
0.858,1,1.34652,0.757515,0,0.757515,0.653476,0,0.50043
0.859,1,1.34728,0.758168,0,0.758168,0.652718,0,0.50043
0.86,1,1.34804,0.758821,0,0.758821,0.65196,0,0.500431
0.861,1,1.3488,0.759473,0,0.759473,0.651201,0,0.500431
0.862,1,1.34956,0.760124,0,0.760124,0.650442,0,0.500432
0.863,1,1.35032,0.760775,0,0.760775,0.649682,0,0.500432
0.864,1,1.35108,0.761424,0,0.761424,0.648921,0,0.500433
0.865,1,1.35184,0.762073,0,0.762073,0.64816,0,0.500433
0.866,1,1.3526,0.762721,0,0.762721,0.647397,0,0.500434
0.867,1,1.35337,0.763369,0,0.763369,0.646635,0,0.500434
0.868,1,1.35413,0.764015,0,0.764015,0.645871,0,0.500435
0.869,1,1.35489,0.764661,0,0.764661,0.645107,0,0.500435
0.87,1,1.35566,0.765306,0,0.765306,0.644343,0,0.500436
0.871,1,1.35642,0.765951,0,0.765951,0.643577,0,0.500436
0.872,1,1.35719,0.766594,0,0.766594,0.642811,0,0.500437
0.873,1,1.35796,0.767237,0,0.767237,0.642045,0,0.500437
0.874,1,1.35872,0.767879,0,0.767879,0.641278,0,0.500438
0.875,1,1.35949,0.76852,0,0.76852,0.64051,0,0.500438
0.876,1,1.36026,0.769161,0,0.769161,0.639741,0,0.500439
0.877,1,1.36103,0.769801,0,0.769801,0.638972,0,0.500439
0.878,1,1.3618,0.77044,0,0.77044,0.638202,0,0.50044
0.879,1,1.36257,0.771078,0,0.771078,0.637432,0,0.50044
0.88,1,1.36334,0.771715,0,0.771715,0.636661,0,0.500441
0.881,1,1.36411,0.772352,0,0.772352,0.635889,0,0.500441
0.882,1,1.36488,0.772988,0,0.772988,0.635117,0,0.500442
0.883,1,1.36566,0.773623,0,0.773623,0.634344,0,0.500442
0.884,1,1.36643,0.774257,0,0.774257,0.63357,0,0.500443
0.885,1,1.3672,0.774891,0,0.774891,0.632796,0,0.500443
0.886,1,1.36798,0.775524,0,0.775524,0.632021,0,0.500444
0.887,1,1.36875,0.776156,0,0.776156,0.631245,0,0.500444
0.888,1,1.36953,0.776787,0,0.776787,0.630469,0,0.500445
0.889,1,1.37031,0.777417,0,0.777417,0.629692,0,0.500445
0.89,1,1.37109,0.778047,0,0.778047,0.628915,0,0.500446
0.891,1,1.37186,0.778676,0,0.778676,0.628137,0,0.500446
0.892,1,1.37264,0.779304,0,0.779304,0.627358,0,0.500447
0.893,1,1.37342,0.779932,0,0.779932,0.626579,0,0.500447
0.894,1,1.3742,0.780558,0,0.780558,0.625799,0,0.500448
0.895,1,1.37498,0.781184,0,0.781184,0.625018,0,0.500448
0.896,1,1.37576,0.781809,0,0.781809,0.624237,0,0.500449
0.897,1,1.37654,0.782433,0,0.782433,0.623455,0,0.500449
0.898,1,1.37733,0.783057,0,0.783057,0.622673,0,0.50045
0.899,1,1.37811,0.783679,0,0.783679,0.62189,0,0.50045
0.9,1,1.37889,0.784301,0,0.784301,0.621106,0,0.500451
0.901,1,1.37968,0.784922,0,0.784922,0.620322,0,0.500451
0.902,1,1.38046,0.785543,0,0.785543,0.619537,0,0.500452
0.903,1,1.38125,0.786162,0,0.786162,0.618752,0,0.500452
0.904,1,1.38203,0.786781,0,0.786781,0.617965,0,0.500453
0.905,1,1.38282,0.787399,0,0.787399,0.617179,0,0.500453
0.906,1,1.38361,0.788016,0,0.788016,0.616391,0,0.500454
0.907,1,1.3844,0.788632,0,0.788632,0.615603,0,0.500454
0.908,1,1.38519,0.789248,0,0.789248,0.614815,0,0.500455
0.909,1,1.38597,0.789863,0,0.789863,0.614025,0,0.500455
0.91,1,1.38676,0.790477,0,0.790477,0.613235,0,0.500456
0.911,1,1.38756,0.79109,0,0.79109,0.612445,0,0.500456
0.912,1,1.38835,0.791703,0,0.791703,0.611654,0,0.500457
0.913,1,1.38914,0.792314,0,0.792314,0.610862,0,0.500457
0.914,1,1.38993,0.792925,0,0.792925,0.61007,0,0.500458
0.915,1,1.39072,0.793535,0,0.793535,0.609277,0,0.500458
0.916,1,1.39152,0.794144,0,0.794144,0.608483,0,0.500459
0.917,1,1.39231,0.794753,0,0.794753,0.607689,0,0.500459
0.918,1,1.39311,0.795361,0,0.795361,0.606895,0,0.50046
0.919,1,1.3939,0.795967,0,0.795967,0.606099,0,0.50046
0.92,1,1.3947,0.796574,0,0.796574,0.605303,0,0.500461
0.921,1,1.39549,0.797179,0,0.797179,0.604507,0,0.500461
0.922,1,1.39629,0.797783,0,0.797783,0.603709,0,0.500462
0.923,1,1.39709,0.798387,0,0.798387,0.602912,0,0.500462
0.924,1,1.39789,0.79899,0,0.79899,0.602113,0,0.500463
0.925,1,1.39869,0.799592,0,0.799592,0.601314,0,0.500463
0.926,1,1.39949,0.800193,0,0.800193,0.600515,0,0.500464
0.927,1,1.40029,0.800794,0,0.800794,0.599714,0,0.500464
0.928,1,1.40109,0.801394,0,0.801394,0.598914,0,0.500465
0.929,1,1.40189,0.801993,0,0.801993,0.598112,0,0.500465
0.93,1,1.40269,0.802591,0,0.802591,0.59731,0,0.500466
0.931,1,1.40349,0.803188,0,0.803188,0.596508,0,0.500466
0.932,1,1.4043,0.803785,0,0.803785,0.595705,0,0.500467
0.933,1,1.4051,0.80438,0,0.80438,0.594901,0,0.500467
0.934,1,1.4059,0.804975,0,0.804975,0.594096,0,0.500468
0.935,1,1.40671,0.805569,0,0.805569,0.593291,0,0.500468
0.936,1,1.40751,0.806163,0,0.806163,0.592486,0,0.500469
0.937,1,1.40832,0.806755,0,0.806755,0.59168,0,0.500469
0.938,1,1.40913,0.807347,0,0.807347,0.590873,0,0.50047
0.939,1,1.40993,0.807938,0,0.807938,0.590066,0,0.50047
0.94,1,1.41074,0.808528,0,0.808528,0.589258,0,0.500471
0.941,1,1.41155,0.809117,0,0.809117,0.588449,0,0.500471
0.942,1,1.41236,0.809705,0,0.809705,0.58764,0,0.500472
0.943,1,1.41317,0.810293,0,0.810293,0.58683,0,0.500472
0.944,1,1.41398,0.81088,0,0.81088,0.58602,0,0.500473
0.945,1,1.41479,0.811466,0,0.811466,0.585209,0,0.500473
0.946,1,1.4156,0.812051,0,0.812051,0.584398,0,0.500474
0.947,1,1.41641,0.812635,0,0.812635,0.583586,0,0.500474
0.948,1,1.41723,0.813219,0,0.813219,0.582773,0,0.500475
0.949,1,1.41804,0.813802,0,0.813802,0.58196,0,0.500475
0.95,1,1.41885,0.814384,0,0.814384,0.581146,0,0.500476
0.951,1,1.41967,0.814965,0,0.814965,0.580332,0,0.500476
0.952,1,1.42048,0.815545,0,0.815545,0.579517,0,0.500477
0.953,1,1.4213,0.816125,0,0.816125,0.578701,0,0.500477
0.954,1,1.42212,0.816703,0,0.816703,0.577885,0,0.500478
0.955,1,1.42293,0.817281,0,0.817281,0.577068,0,0.500478
0.956,1,1.42375,0.817858,0,0.817858,0.576251,0,0.500479
0.957,1,1.42457,0.818435,0,0.818435,0.575433,0,0.500479
0.958,1,1.42539,0.81901,0,0.81901,0.574615,0,0.50048
0.959,1,1.4262,0.819585,0,0.819585,0.573796,0,0.50048
0.96,1,1.42702,0.820158,0,0.820158,0.572976,0,0.500481
0.961,1,1.42784,0.820731,0,0.820731,0.572156,0,0.500481
0.962,1,1.42866,0.821304,0,0.821304,0.571335,0,0.500482
0.963,1,1.42949,0.821875,0,0.821875,0.570514,0,0.500482
0.964,1,1.43031,0.822445,0,0.822445,0.569692,0,0.500483
0.965,1,1.43113,0.823015,0,0.823015,0.56887,0,0.500483
0.966,1,1.43195,0.823584,0,0.823584,0.568046,0,0.500484
0.967,1,1.43278,0.824152,0,0.824152,0.567223,0,0.500484
0.968,1,1.4336,0.824719,0,0.824719,0.566399,0,0.500485
0.969,1,1.43443,0.825286,0,0.825286,0.565574,0,0.500485
0.97,1,1.43525,0.825851,0,0.825851,0.564749,0,0.500486
0.971,1,1.43608,0.826416,0,0.826416,0.563923,0,0.500486
0.972,1,1.4369,0.82698,0,0.82698,0.563096,0,0.500487
0.973,1,1.43773,0.827543,0,0.827543,0.56227,0,0.500487
0.974,1,1.43856,0.828105,0,0.828105,0.561442,0,0.500488
0.975,1,1.43939,0.828667,0,0.828667,0.560614,0,0.500488
0.976,1,1.44021,0.829227,0,0.829227,0.559785,0,0.500489
0.977,1,1.44104,0.829787,0,0.829787,0.558956,0,0.500489
0.978,1,1.44187,0.830346,0,0.830346,0.558126,0,0.50049
0.979,1,1.4427,0.830904,0,0.830904,0.557296,0,0.50049
0.98,1,1.44354,0.831462,0,0.831462,0.556465,0,0.500491
0.981,1,1.44437,0.832018,0,0.832018,0.555633,0,0.500491
0.982,1,1.4452,0.832574,0,0.832574,0.554801,0,0.500492
0.983,1,1.44603,0.833128,0,0.833128,0.553969,0,0.500492
0.984,1,1.44686,0.833682,0,0.833682,0.553136,0,0.500493
0.985,1,1.4477,0.834236,0,0.834236,0.552302,0,0.500493
0.986,1,1.44853,0.834788,0,0.834788,0.551468,0,0.500494
0.987,1,1.44937,0.835339,0,0.835339,0.550633,0,0.500494
0.988,1,1.4502,0.83589,0,0.83589,0.549798,0,0.500495
0.989,1,1.45104,0.83644,0,0.83644,0.548962,0,0.500495
0.99,1,1.45187,0.836989,0,0.836989,0.548125,0,0.500496
0.991,1,1.45271,0.837537,0,0.837537,0.547288,0,0.500496
0.992,1,1.45355,0.838084,0,0.838084,0.546451,0,0.500497
0.993,1,1.45439,0.838631,0,0.838631,0.545613,0,0.500497
0.994,1,1.45523,0.839176,0,0.839176,0.544774,0,0.500498
0.995,1,1.45607,0.839721,0,0.839721,0.543935,0,0.500498
0.996,1,1.4569,0.840265,0,0.840265,0.543095,0,0.500499
0.997,1,1.45775,0.840808,0,0.840808,0.542255,0,0.500499
0.998,1,1.45859,0.84135,0,0.84135,0.541414,0,0.5005
0.999,1,1.45943,0.841892,0,0.841892,0.540573,0,0.5005
